1.000000000000000000e+03,7.951951951951952147e+00,2.431200493876243627e+02
1.003003003003002959e+03,6.878878878878878389e+00,2.383261939742356788e+02
1.006006006006006032e+03,2.386386386386386338e+00,1.645451801210987810e+02
1.009009009009008992e+03,4.428428428428428099e+00,1.838826045075759907e+02
1.012012012012012065e+03,5.381381381381380891e+00,2.044398997378317802e+02
1.015015015015015024e+03,7.775775775775775500e+00,1.811001688039240207e+02
1.018018018018017983e+03,2.162162162162162282e-01,1.643596228536977435e+02
1.021021021021021056e+03,1.849849849849849903e+00,1.323049690445569411e+02
1.024024024024024129e+03,2.450450450450450290e+00,1.330030045040186621e+02
1.027027027027027088e+03,5.653653653653653244e+00,1.707677445980584423e+02
1.030030030030030048e+03,3.971971971971972160e+00,2.036804657022961464e+02
1.033033033033033007e+03,4.468468468468468124e+00,1.614570393178878192e+02
1.036036036036035966e+03,6.278278278278278002e+00,1.884253144528519783e+02
1.039039039039038926e+03,1.913913913913913856e+00,1.635199147317406698e+02
1.042042042042042112e+03,4.628628628628628228e+00,2.227687894768542662e+02
1.045045045045045072e+03,4.404404404404404505e-01,1.385163668629714948e+02
1.048048048048048031e+03,7.255255255255255165e+00,2.001843333449371301e+02
1.051051051051050990e+03,1.401401401401401348e+00,1.374487904401253786e+02
1.054054054054053950e+03,1.121121121121121111e-01,1.138377240197283982e+02
1.057057057057057136e+03,6.166166166166165974e-01,1.309532236927448423e+02
1.060060060060060096e+03,2.482482482482482600e-01,1.773176494039063584e+02
1.063063063063063055e+03,3.851851851851851638e+00,1.985394179622899742e+02
1.066066066066066014e+03,2.482482482482482489e+00,2.105085923768306770e+02
1.069069069069068973e+03,2.490490490490490316e+00,1.513567620595342476e+02
1.072072072072072160e+03,7.071071071071070691e+00,1.852858827887806967e+02
1.075075075075075119e+03,6.310310310310310200e+00,1.804007791083259917e+02
1.078078078078078079e+03,3.603603603603603434e-01,1.759364402561966756e+02
1.081081081081081038e+03,8.248248248248247760e-01,1.894838161201660398e+02
1.084084084084083997e+03,6.086086086086085700e+00,1.607537978183007681e+02
1.087087087087087184e+03,8.008008008008007939e-03,1.322098811958278759e+02
1.090090090090090143e+03,6.590590590590590381e+00,2.210021588124673997e+02
1.093093093093093103e+03,5.685685685685685442e+00,1.589862282714518926e+02
1.096096096096096062e+03,4.916916916916917124e+00,2.292654339768763805e+02
1.099099099099099021e+03,6.326326326326325855e+00,2.514675946867996856e+02
1.102102102102101981e+03,3.267267267267267350e+00,2.198076721098875339e+02
1.105105105105105167e+03,5.893893893893894287e+00,1.915042348847257756e+02
1.108108108108108127e+03,7.663663663663663250e+00,2.005801525676495487e+02
1.111111111111111086e+03,2.930930930930931044e+00,1.657677829835928378e+02
1.114114114114114045e+03,7.351351351351350871e+00,1.731212742345722972e+02
1.117117117117117004e+03,2.138138138138137911e+00,2.068356673795802578e+02
1.120120120120120191e+03,1.841841841841841854e+00,2.121700315665681273e+02
1.123123123123123150e+03,7.975975975975975629e+00,2.618616962750249968e+02
1.126126126126126110e+03,5.085085085085085055e+00,1.884832729774001052e+02
1.129129129129129069e+03,5.589589589589589735e+00,2.494557669022423738e+02
1.132132132132132028e+03,2.010010010010010006e+00,1.926366677964401788e+02
1.135135135135135215e+03,6.270270270270270174e+00,1.844087768846951576e+02
1.138138138138138174e+03,6.558558558558558182e+00,2.225049122782600364e+02
1.141141141141141134e+03,1.129129129129129216e+00,1.373767220702319776e+02
1.144144144144144093e+03,2.530530530530530342e+00,2.015906842257803362e+02
1.147147147147147052e+03,4.700700700700700452e+00,1.787147555906407490e+02
1.150150150150150239e+03,2.650650650650650419e+00,1.496445203640627142e+02
1.153153153153153198e+03,2.362362362362362411e+00,1.657490274855936150e+02
1.156156156156156158e+03,2.098098098098097886e+00,1.601781215144386863e+02
1.159159159159159117e+03,3.459459459459459651e+00,2.213205510258184177e+02
1.162162162162162076e+03,6.902902902902902760e+00,2.196164501026143512e+02
1.165165165165165035e+03,4.660660660660660426e+00,1.801600884652594061e+02
1.168168168168168222e+03,2.178178178178177937e+00,1.849190924080681953e+02
1.171171171171171181e+03,2.162162162162162282e+00,2.164072964219632809e+02
1.174174174174174141e+03,7.903903903903903405e+00,2.312901861923310491e+02
1.177177177177177100e+03,2.554554554554554713e+00,1.491316580304108186e+02
1.180180180180180287e+03,4.556556556556556892e+00,1.728027291879093355e+02
1.183183183183183246e+03,5.149149149149149451e+00,2.163499462494281715e+02
1.186186186186186205e+03,1.137137137137137044e+00,1.742057477931637663e+02
1.189189189189189165e+03,1.617617617617617576e+00,1.485248598368756632e+02
1.192192192192192124e+03,3.307307307307307376e+00,2.319761950511453392e+02
1.195195195195195083e+03,1.569569569569569500e+00,1.601925045550977131e+02
1.198198198198198270e+03,2.114114114114113985e+00,1.566396609956520649e+02
1.201201201201201229e+03,4.252252252252252340e+00,1.963172448230444331e+02
1.204204204204204188e+03,2.018018018018017834e+00,1.600792122569186802e+02
1.207207207207207148e+03,4.612612612612612573e+00,2.117227238411501276e+02
1.210210210210210107e+03,5.909909909909909942e+00,1.934843044524989750e+02
1.213213213213213294e+03,2.394394394394394165e+00,1.763729435737125755e+02
1.216216216216216253e+03,5.925925925925925597e+00,2.334315994324092571e+02
1.219219219219219212e+03,1.977977977977978030e+00,2.059666096711257524e+02
1.222222222222222172e+03,7.415415415415415268e+00,2.158507053560593079e+02
1.225225225225225131e+03,3.299299299299299104e+00,2.031380058639917934e+02
1.228228228228228090e+03,3.115115115115115074e+00,2.336105989360144122e+02
1.231231231231231277e+03,6.374374374374374597e+00,2.484488996684034419e+02
1.234234234234234236e+03,4.812812812812812702e+00,2.034741508061036370e+02
1.237237237237237196e+03,5.237237237237237331e+00,2.371783726060184847e+02
1.240240240240240155e+03,2.090090090090090058e+00,2.288003492899320008e+02
1.243243243243243342e+03,3.651651651651651509e+00,1.924516937063859530e+02
1.246246246246246301e+03,3.091091091091091148e+00,1.837035974065082655e+02
1.249249249249249260e+03,7.863863863863863379e+00,2.560979364909755986e+02
1.252252252252252219e+03,7.279279279279279535e+00,2.316908108193838700e+02
1.255255255255255179e+03,5.549549549549549710e+00,2.126323319042511741e+02
1.258258258258258138e+03,1.889889889889889929e+00,1.742865043930347611e+02
1.261261261261261325e+03,4.012012012012012185e+00,1.815500837756825661e+02
1.264264264264264284e+03,3.979979979979979987e+00,2.029450404054794319e+02
1.267267267267267243e+03,6.998998998998999355e+00,2.610352815494649121e+02
1.270270270270270203e+03,3.619619619619619755e+00,2.333448478797024279e+02
1.273273273273273389e+03,3.955955955955956060e+00,2.409194201961329327e+02
1.276276276276276349e+03,7.391391391391390897e+00,2.699735456326019403e+02
1.279279279279279308e+03,2.234234234234234062e+00,1.677851582177646037e+02
1.282282282282282267e+03,5.109109109109109426e+00,2.336943502254056853e+02
1.285285285285285227e+03,3.883883883883883836e+00,1.999619539680413709e+02
1.288288288288288186e+03,4.548548548548548176e+00,1.990178473551437435e+02
1.291291291291291145e+03,8.648648648648649129e-01,1.403988838854779715e+02
1.294294294294294332e+03,2.938938938938938872e+00,1.873540171589264958e+02
1.297297297297297291e+03,5.157157157157157279e+00,2.017678280214838935e+02
1.300300300300300250e+03,6.286286286286285829e+00,2.398105838289168901e+02
1.303303303303303210e+03,6.990990990990990639e+00,2.333154883362925034e+02
1.306306306306306396e+03,5.205205205205205576e-01,2.145235965951680157e+02
1.309309309309309356e+03,7.223223223223222966e+00,2.267269400239418928e+02
1.312312312312312315e+03,2.538538538538538614e+00,1.626355053788823284e+02
1.315315315315315274e+03,5.093093093093092882e+00,2.413549349851158752e+02
1.318318318318318234e+03,5.333333333333333037e+00,2.502725067229626177e+02
1.321321321321321193e+03,6.318318318318318028e+00,2.209139316111586311e+02
1.324324324324324380e+03,7.671671671671671966e+00,2.141107733564727766e+02
1.327327327327327339e+03,1.713713713713713727e+00,2.266263069584451273e+02
1.330330330330330298e+03,7.767767767767768117e-01,2.020866051165532156e+02
1.333333333333333258e+03,4.668668668668668253e+00,2.188034421900137261e+02
1.336336336336336444e+03,3.731731731731731561e+00,2.395973196030772669e+02
1.339339339339339404e+03,4.188188188188187944e+00,2.146530547398072031e+02
1.342342342342342363e+03,2.042042042042042205e+00,2.183999080756978799e+02
1.345345345345345322e+03,3.083083083083082876e+00,1.880509273711320475e+02
1.348348348348348281e+03,4.364364364364364590e+00,2.623314963983692678e+02
1.351351351351351241e+03,3.059059059059058949e+00,2.113917785704613834e+02
1.354354354354354200e+03,3.915915915915916035e+00,2.338015685008412277e+02
1.357357357357357387e+03,4.108108108108107892e+00,2.369228250309793111e+02
1.360360360360360346e+03,6.246246246246245803e+00,2.567486814878784003e+02
1.363363363363363305e+03,7.239239239239239510e+00,2.187065057640931798e+02
1.366366366366366265e+03,9.769769769769769407e-01,1.592448716263828032e+02
1.369369369369369451e+03,7.575575575575575371e+00,2.082939676444753729e+02
1.372372372372372411e+03,4.804804804804804763e-01,1.779158259593160096e+02
1.375375375375375370e+03,6.758758758758758312e+00,2.487285869518260881e+02
1.378378378378378329e+03,2.978978978978978898e+00,1.908492805666078880e+02
1.381381381381381289e+03,2.266266266266266260e+00,2.295847026592613531e+02
1.384384384384384248e+03,7.519519519519519690e+00,2.288588224820119876e+02
1.387387387387387435e+03,4.868868868868869271e+00,2.295926889614068784e+02
1.390390390390390394e+03,3.963963963963963888e+00,2.160902264465081544e+02
1.393393393393393353e+03,5.045045045045045029e+00,2.343510198865454299e+02
1.396396396396396312e+03,4.772772772772772676e+00,2.138257617051882278e+02
1.399399399399399499e+03,5.709709709709709813e+00,2.082583681458313549e+02
1.402402402402402458e+03,6.030030030030030019e+00,2.700812686466489367e+02
1.405405405405405418e+03,4.996996996996997176e+00,2.080833075686215068e+02
1.408408408408408377e+03,2.498498498498498588e+00,2.528953805940772952e+02
1.411411411411411336e+03,6.406406406406406351e-02,2.073808378549539384e+02
1.414414414414414296e+03,4.236236236236235797e+00,2.008351416151589888e+02
1.417417417417417255e+03,7.015015015015015010e+00,2.832301011698267530e+02
1.420420420420420442e+03,8.088088088088087879e-01,1.612158861336583584e+02
1.423423423423423401e+03,4.924924924924924952e+00,2.355006581274878101e+02
1.426426426426426360e+03,4.164164164164164461e+00,2.267088562746064042e+02
1.429429429429429319e+03,1.993993993993993907e+00,2.236620907351973528e+02
1.432432432432432506e+03,2.226226226226226235e+00,1.825545437341109789e+02
1.435435435435435465e+03,3.395395395395395255e+00,1.770079512642306270e+02
1.438438438438438425e+03,3.075075075075075048e+00,1.975191281530772187e+02
1.441441441441441384e+03,3.163163163163162928e+00,2.584087266142872181e+02
1.444444444444444343e+03,4.324324324324324564e-01,2.116621885500352960e+02
1.447447447447447303e+03,2.722722722722722422e-01,1.762365659260469215e+02
1.450450450450450489e+03,2.170170170170170110e+00,2.387149982953418430e+02
1.453453453453453449e+03,2.402402402402402382e-01,2.167519618797513203e+02
1.456456456456456408e+03,3.227227227227227324e+00,2.226373169634240980e+02
1.459459459459459367e+03,6.062062062062062218e+00,2.563623677162282206e+02
1.462462462462462554e+03,7.807807807807807698e+00,2.860044538790701836e+02
1.465465465465465513e+03,7.927927927927927776e+00,2.892427476353670386e+02
1.468468468468468473e+03,3.659659659659659781e+00,1.850829653000067196e+02
1.471471471471471432e+03,2.898898898898898846e+00,2.262166953831756473e+02
1.474474474474474391e+03,6.886886886886887105e+00,2.815446116843534696e+02
1.477477477477477350e+03,3.867867867867867737e+00,2.503651221898021504e+02
1.480480480480480310e+03,4.644644644644644771e+00,2.100427673509202862e+02
1.483483483483483496e+03,7.895895895895895578e+00,2.179788248612282473e+02
1.486486486486486456e+03,5.509509509509509684e+00,2.166248465874406293e+02
1.489489489489489415e+03,6.918918918918919303e+00,2.259048320515994419e+02
1.492492492492492602e+03,7.423423423423423095e+00,2.547185483074045180e+02
1.495495495495495561e+03,3.027027027027027195e+00,2.050890637013200717e+02
1.498498498498498520e+03,2.562562562562562540e+00,2.019350987758198528e+02
1.501501501501501480e+03,7.543543543543543173e+00,2.691168747339211791e+02
1.504504504504504439e+03,2.810810810810810967e+00,2.052331343851645613e+02
1.507507507507507398e+03,3.347347347347347402e+00,2.536824868770583805e+02
1.510510510510510358e+03,7.567567567567567544e+00,2.393546893084077283e+02
1.513513513513513317e+03,6.366366366366365881e+00,2.723390381741012902e+02
1.516516516516516504e+03,1.161161161161161193e+00,2.262041308170785783e+02
1.519519519519519463e+03,6.614614614614614752e+00,2.242997918638799888e+02
1.522522522522522650e+03,3.939939939939939961e+00,2.103538089466906058e+02
1.525525525525525609e+03,6.014014014014014364e+00,2.747065214355613421e+02
1.528528528528528568e+03,1.921921921921921905e+00,2.110186330388921476e+02
1.531531531531531527e+03,5.189189189189189477e+00,2.629696881436877902e+02
1.534534534534534487e+03,7.095095095095095061e+00,2.514285715280881277e+02
1.537537537537537446e+03,1.153153153153153143e+00,2.293645361237519751e+02
1.540540540540540405e+03,6.142142142142142269e+00,2.332512575907921075e+02
1.543543543543543365e+03,8.000000000000000000e+00,2.654954685944883863e+02
1.546546546546546551e+03,3.739739739739739832e+00,2.493904521574576449e+02
1.549549549549549511e+03,2.522522522522522515e+00,2.411690612296614233e+02
1.552552552552552470e+03,7.919919919919919948e+00,2.659256028652861801e+02
1.555555555555555657e+03,7.383383383383383070e+00,2.270420041857533704e+02
1.558558558558558616e+03,5.741741741741742011e+00,2.163647282921173201e+02
1.561561561561561575e+03,3.667667667667667608e+00,2.664450640424631160e+02
1.564564564564564535e+03,6.190190190190190123e+00,2.151605207453733613e+02
1.567567567567567494e+03,1.633633633633633675e+00,2.036802513391676825e+02
1.570570570570570453e+03,6.678678678678678260e+00,2.329430957573258638e+02
1.573573573573573412e+03,6.662662662662662605e+00,2.314734870772144859e+02
1.576576576576576599e+03,3.483483483483483578e+00,2.298195938121795621e+02
1.579579579579579558e+03,4.004004004004003969e-02,1.743927212276915668e+02
1.582582582582582518e+03,6.158158158158157924e+00,2.625436616880091378e+02
1.585585585585585704e+03,5.437437437437437460e+00,2.693258442901383205e+02
1.588588588588588664e+03,5.781781781781782037e+00,2.611114699526189042e+02
1.591591591591591623e+03,1.721721721721721776e+00,2.091019120914884297e+02
1.594594594594594582e+03,5.229229229229229503e+00,2.391211788223857866e+02
1.597597597597597542e+03,1.201201201201201219e+00,2.383611250953427430e+02
1.600600600600600501e+03,5.501501501501501856e+00,2.610473532404084835e+02
1.603603603603603460e+03,4.004004004004004358e+00,2.545072492940315954e+02
1.606606606606606420e+03,2.658658658658658691e+00,2.193492795708223184e+02
1.609609609609609606e+03,7.839839839839839897e+00,2.916527071191372329e+02
1.612612612612612565e+03,6.542542542542542527e+00,3.009876747897538962e+02
1.615615615615615525e+03,4.964964964964964977e+00,2.751412366746574207e+02
1.618618618618618711e+03,6.518518518518518157e+00,2.746866382948311980e+02
1.621621621621621671e+03,4.132132132132132263e+00,2.323835273581610181e+02
1.624624624624624630e+03,4.148148148148147918e+00,2.837296015594752703e+02
1.627627627627627589e+03,7.527527527527527518e+00,3.173265559279938657e+02
1.630630630630630549e+03,9.049049049049049387e-01,2.541606039185467694e+02
1.633633633633633508e+03,4.900900900900900581e+00,2.779896098899134245e+02
1.636636636636636467e+03,2.962962962962962798e-01,2.350698154372044257e+02
1.639639639639639654e+03,7.159159159159159458e+00,2.605226780249281546e+02
1.642642642642642613e+03,7.167167167167167285e+00,2.710875731264001729e+02
1.645645645645645573e+03,7.943943943943944319e+00,2.588376931843770308e+02
1.648648648648648759e+03,1.265265265265265171e+00,2.171433328373626921e+02
1.651651651651651719e+03,1.233233233233233195e+00,2.330139216163548497e+02
1.654654654654654678e+03,3.203203203203203175e-01,1.908915828584562746e+02
1.657657657657657637e+03,4.684684684684684797e+00,2.106532208503290065e+02
1.660660660660660596e+03,6.446446446446446821e+00,2.844923298939263532e+02
1.663663663663663556e+03,4.740740740740740478e+00,2.120988373559707441e+02
1.666666666666666515e+03,7.719719719719719819e+00,2.753788934768134027e+02
1.669669669669669474e+03,2.130130130130130084e+00,2.430170545095877515e+02
1.672672672672672661e+03,3.251251251251251251e+00,2.721214285336145053e+02
1.675675675675675620e+03,2.354354354354354140e+00,2.594379172366333819e+02
1.678678678678678807e+03,4.836836836836837072e+00,2.802264100676644034e+02
1.681681681681681766e+03,4.180180180180180116e+00,2.586543205524083078e+02
1.684684684684684726e+03,1.441441441441441429e-01,1.926905334338432851e+02
1.687687687687687685e+03,3.403403403403403527e+00,2.339475040681870439e+02
1.690690690690690644e+03,4.220220220220220142e+00,2.593435110612065841e+02
1.693693693693693604e+03,2.466466466466466390e+00,2.393217155226678301e+02
1.696696696696696563e+03,4.980980980980980632e+00,2.360621477797016610e+02
1.699699699699699522e+03,6.358358358358358053e+00,2.944529506269689136e+02
1.702702702702702709e+03,4.964964964964965199e-01,2.053887427256679246e+02
1.705705705705705668e+03,6.326326326326325855e-01,2.558325950379809228e+02
1.708708708708708627e+03,5.445445445445445287e+00,2.683743422216282397e+02
1.711711711711711814e+03,1.545545545545545574e+00,2.199056106090585843e+02
1.714714714714714773e+03,6.006006006006005649e+00,2.908749808093224374e+02
1.717717717717717733e+03,1.449449449449449423e+00,2.685752494715118814e+02
1.720720720720720692e+03,4.284284284284284539e+00,2.868437029655343622e+02
1.723723723723723651e+03,3.875875875875876009e+00,2.682843028339875104e+02
1.726726726726726611e+03,1.601601601601601477e+00,2.373204722205735493e+02
1.729729729729729570e+03,2.914914914914914945e+00,2.634786579099660457e+02
1.732732732732732529e+03,7.935935935935935603e+00,3.193457562129013922e+02
1.735735735735735716e+03,3.699699699699699806e+00,2.534555417614454029e+02
1.738738738738738675e+03,2.850850850850850993e+00,2.018919122058535436e+02
1.741741741741741862e+03,1.601601601601601588e-02,1.959501535426651913e+02
1.744744744744744821e+03,3.827827827827827711e+00,2.399701053633649224e+02
1.747747747747747781e+03,5.565565565565565365e+00,2.874724644686706370e+02
1.750750750750750740e+03,2.026026026026026106e+00,2.481786772187751922e+02
1.753753753753753699e+03,5.341341341341340865e+00,3.010185989297414153e+02
1.756756756756756658e+03,6.806806806806806609e-01,2.120046968622503698e+02
1.759759759759759618e+03,7.759759759759759845e+00,2.693506093827357404e+02
1.762762762762762577e+03,6.006006006006006093e-01,1.944977641961054360e+02
1.765765765765765764e+03,6.294294294294294545e+00,2.930840976191612413e+02
1.768768768768768723e+03,5.269269269269269529e+00,3.002304619105280494e+02
1.771771771771771682e+03,3.723723723723723733e+00,2.558856314719570264e+02
1.774774774774774869e+03,7.367367367367367414e+00,2.928282021258765440e+02
1.777777777777777828e+03,3.043043043043043294e-01,1.904232349268002622e+02
1.780780780780780788e+03,7.559559559559559716e+00,2.788529043496684494e+02
1.783783783783783747e+03,5.805805805805805520e+00,2.517911583171631946e+02
1.786786786786786706e+03,3.491491491491491406e+00,2.899005221765988267e+02
1.789789789789789666e+03,1.121121121121121167e+00,2.458900723089683140e+02
1.792792792792792625e+03,6.550550550550550355e+00,3.170214145554386391e+02
1.795795795795795584e+03,4.820820820820820529e+00,2.243709924401122464e+02
1.798798798798798771e+03,5.965965965965965623e+00,2.924029006224712361e+02
1.801801801801801730e+03,3.771771771771771586e+00,2.134169151506521303e+02
1.804804804804804917e+03,2.738738738738738743e+00,2.657069662736682290e+02
1.807807807807807876e+03,3.331331331331331302e+00,2.630066538189402650e+02
1.810810810810810835e+03,5.693693693693693270e+00,3.057640145658864981e+02
1.813813813813813795e+03,4.460460460460460297e+00,2.651038190711076368e+02
1.816816816816816754e+03,4.004004004004003692e-01,2.538542159793313147e+02
1.819819819819819713e+03,1.297297297297297369e+00,2.431290978591197813e+02
1.822822822822822673e+03,6.126126126126125726e+00,2.588461064208465814e+02
1.825825825825825632e+03,6.854854854854854906e+00,2.947574439356783955e+02
1.828828828828828819e+03,6.942942942942942786e+00,2.900406482971146147e+02
1.831831831831831778e+03,4.196196196196195771e+00,2.399410189176029178e+02
1.834834834834834737e+03,3.547547547547547531e+00,2.180669574213326030e+02
1.837837837837837924e+03,1.377377377377377421e+00,2.050655091931174923e+02
1.840840840840840883e+03,7.655655655655655423e+00,2.967832183860551254e+02
1.843843843843843842e+03,2.642642642642642592e+00,2.284656251171590782e+02
1.846846846846846802e+03,2.818818818818818794e+00,2.220338975392447480e+02
1.849849849849849761e+03,6.862862862862862734e+00,3.102603228375264734e+02
1.852852852852852720e+03,6.134134134134134442e+00,3.107064874139196604e+02
1.855855855855855680e+03,3.123123123123123235e-01,2.438978481979030448e+02
1.858858858858858639e+03,6.822822822822822708e+00,2.736969825182275713e+02
1.861861861861861826e+03,7.007007007007007182e+00,2.899391897316212976e+02
1.864864864864864785e+03,1.249249249249249294e+00,2.023677585818196007e+02
1.867867867867867972e+03,1.777777777777777679e+00,2.780771432718839264e+02
1.870870870870870931e+03,5.133133133133132908e+00,3.134943419632426753e+02
1.873873873873873890e+03,1.681681681681681750e+00,2.867227803208940031e+02
1.876876876876876850e+03,5.973973973973974338e+00,3.135446465293777010e+02
1.879879879879879809e+03,7.687687687687687621e+00,2.822880623861507274e+02
1.882882882882882768e+03,5.605605605605605390e+00,2.773525777577221447e+02
1.885885885885885727e+03,1.337337337337337395e+00,2.736940521727181590e+02
1.888888888888888687e+03,7.991991991991992172e+00,2.897402318766911549e+02
1.891891891891891873e+03,7.879879879879879923e+00,2.765873450926574151e+02
1.894894894894894833e+03,3.931931931931931690e+00,2.342050538561540520e+02
1.897897897897897792e+03,8.008008008008007939e-02,2.342377105525733612e+02
1.900900900900900979e+03,8.408408408408408752e-01,2.303013924406347144e+02
1.903903903903903938e+03,5.445445445445444843e-01,2.617078611886034309e+02
1.906906906906906897e+03,3.835835835835835983e+00,2.755092153326955327e+02
1.909909909909909857e+03,3.195195195195195126e+00,2.676694651393431172e+02
1.912912912912912816e+03,3.475475475475475307e+00,2.456297098009539752e+02
1.915915915915915775e+03,2.066066066066066131e+00,2.174377827335570430e+02
1.918918918918918735e+03,6.622622622622622579e+00,2.722784575102448343e+02
1.921921921921921921e+03,7.079079079079079406e+00,2.789422352932282934e+02
1.924924924924924881e+03,2.434434434434434635e+00,2.841712023325984546e+02
1.927927927927927840e+03,6.494494494494494674e+00,2.919800810511613349e+02
1.930930930930931027e+03,7.511511511511511863e+00,2.654665236369105514e+02
1.933933933933933986e+03,7.399399399399399613e+00,3.380185112957292404e+02
1.936936936936936945e+03,4.212212212212212314e+00,2.917788152416426328e+02
1.939939939939939904e+03,1.601601601601601588e-01,2.034630396046902092e+02
1.942942942942942864e+03,7.247247247247247337e+00,3.115232616738774141e+02
1.945945945945945823e+03,3.043043043043042850e+00,2.600946549867182966e+02
1.948948948948948782e+03,3.363363363363363501e+00,2.561316370807718386e+02
1.951951951951951742e+03,2.282282282282282360e+00,2.321930070599281066e+02
1.954954954954954928e+03,5.685685685685685220e-01,2.344799856701130238e+02
1.957957957957957888e+03,3.923923923923923751e-01,2.750072978093930942e+02
1.960960960960960847e+03,1.433433433433433324e+00,2.398566149010599133e+02
1.963963963963964034e+03,4.052052052052052211e+00,2.700740538300813682e+02
1.966966966966966993e+03,7.439439439439439639e+00,2.823091656858276792e+02
1.969969969969969952e+03,9.289289289289288654e-01,2.648470908169969675e+02
1.972972972972972912e+03,2.346346346346346312e+00,2.610427829137586286e+02
1.975975975975975871e+03,6.086086086086086588e-01,2.683340040337987489e+02
1.978978978978978830e+03,3.843843843843843811e-01,2.453398827308785712e+02
1.981981981981981789e+03,4.028028028028027840e+00,2.727250122487498629e+02
1.984984984984984976e+03,2.106106106106106157e+00,2.239214050175965838e+02
1.987987987987987935e+03,6.470470470470470303e+00,2.860283290767358721e+02
1.990990990990990895e+03,6.910910910910910587e+00,3.190503920866660224e+02
1.993993993993994081e+03,5.989989989989989994e+00,2.947599869429978980e+02
1.996996996996997041e+03,5.125125125125125081e-01,2.172761264686212996e+02
2.000000000000000000e+03,6.390390390390390252e+00,3.089563337659126319e+02
2.003003003003002959e+03,4.164164164164164128e-01,2.341313941710321558e+02
2.006006006006005919e+03,3.523523523523523604e+00,2.982015911254516141e+02
2.009009009009008878e+03,9.929929929929930399e-01,2.412227645779522049e+02
2.012012012012011837e+03,5.205205205205205132e+00,3.078439501910897889e+02
2.015015015015014797e+03,3.275275275275275177e+00,2.942180338200980145e+02
2.018018018018017983e+03,6.022022022022022192e+00,2.870632996697643762e+02
2.021021021021020942e+03,7.623623623623623224e+00,3.461107978718615641e+02
2.024024024024023902e+03,3.819819819819819884e+00,2.996055852372409731e+02
2.027027027027026861e+03,9.449449449449449645e-01,2.582795853523630853e+02
2.030030030030030048e+03,9.609609609609609526e-02,2.454054023487767893e+02
2.033033033033033007e+03,1.257257257257257343e+00,2.252008765120399687e+02
2.036036036036035966e+03,2.698698698698698717e+00,3.124272672856014310e+02
2.039039039039038926e+03,1.017017017017016967e+00,2.199225396381056044e+02
2.042042042042041885e+03,3.683683683683683929e-01,2.898846065498082680e+02
2.045045045045045072e+03,1.881881881881881879e+00,2.926632286583531481e+02
2.048048048048048258e+03,4.308308308308308021e+00,3.065490387203965952e+02
2.051051051051051218e+03,1.929929929929929955e+00,2.990894545415943071e+02
2.054054054054054177e+03,4.724724724724724823e+00,2.537050651792772271e+02
2.057057057057057136e+03,2.866866866866866648e+00,2.289442752613281300e+02
2.060060060060060096e+03,7.679679679679679793e+00,3.308605465626252453e+02
2.063063063063063055e+03,6.790790790790790510e+00,3.419374183492744237e+02
2.066066066066066014e+03,6.342342342342342398e+00,2.830373135667475708e+02
2.069069069069068973e+03,2.602602602602602566e+00,2.863819610705389778e+02
2.072072072072071933e+03,7.199199199199199484e+00,2.856731362679332165e+02
2.075075075075074892e+03,6.478478478478478131e+00,3.394241021082391399e+02
2.078078078078077851e+03,2.802802802802802695e+00,2.450758563325906891e+02
2.081081081081080811e+03,2.906906906906906674e+00,3.102874481271330183e+02
2.084084084084083770e+03,1.361361361361361211e-01,2.720984861580540723e+02
2.087087087087086729e+03,1.489489489489489449e+00,2.825465848934362043e+02
2.090090090090089689e+03,3.219219219219219053e+00,2.905664935105278346e+02
2.093093093093093103e+03,2.706706706706706544e+00,3.157636773664490306e+02
2.096096096096096062e+03,1.649649649649649552e+00,2.459955202211329492e+02
2.099099099099099021e+03,7.711711711711711992e+00,3.362500911311817617e+02
2.102102102102101981e+03,2.762762762762762669e+00,2.599532156407231014e+02
2.105105105105104940e+03,2.506506506506506415e+00,2.441524269049513123e+02
2.108108108108108354e+03,1.937937937937938004e+00,2.967722562032448650e+02
2.111111111111111313e+03,7.311311311311310845e+00,2.715834531927131934e+02
2.114114114114114273e+03,1.361361361361361322e+00,2.400684726317691400e+02
2.117117117117117232e+03,1.497497497497497498e+00,2.638928170904861190e+02
2.120120120120120191e+03,7.479479479479479664e+00,3.043286234318899801e+02
2.123123123123123150e+03,1.065065065065065042e+00,2.345069500956421393e+02
2.126126126126126110e+03,2.410410410410410265e+00,2.852147606264069282e+02
2.129129129129129069e+03,5.853853853853853373e+00,3.390059586448594473e+02
2.132132132132132028e+03,5.365365365365365236e+00,2.970911867901988899e+02
2.135135135135134988e+03,2.546546546546546441e+00,2.723663588427131685e+02
2.138138138138137947e+03,6.246246246246246470e-01,2.588531017004606269e+02
2.141141141141140906e+03,4.172172172172172289e+00,2.739177309997297129e+02
2.144144144144143866e+03,2.770770770770770941e+00,2.990835288161597987e+02
2.147147147147146825e+03,1.585585585585585600e+00,2.575462351459514139e+02
2.150150150150149784e+03,6.926926926926927131e+00,3.373730639246022065e+02
2.153153153153153198e+03,4.388388388388388073e+00,2.586653688136516394e+02
2.156156156156156158e+03,7.327327327327327389e+00,3.514442725367151752e+02
2.159159159159159117e+03,4.708708708708708279e+00,3.167563660175735549e+02
2.162162162162162076e+03,3.579579579579579729e+00,2.607633382646584437e+02
2.165165165165165035e+03,1.681681681681681528e-01,2.773182831630523992e+02
2.168168168168167995e+03,5.797797797797797692e+00,2.941037220102420520e+02
2.171171171171171409e+03,5.749749749749749839e+00,3.016826051914683831e+02
2.174174174174174368e+03,2.002002002002002179e+00,2.839794835020248911e+02
2.177177177177177327e+03,1.945945945945945832e+00,2.588317637407591292e+02
2.180180180180180287e+03,4.572572572572572547e+00,2.658224708304533124e+02
2.183183183183183246e+03,2.802802802802802917e-01,2.823602804051615749e+02
2.186186186186186205e+03,6.486486486486486847e-01,2.341196578771518944e+02
2.189189189189189165e+03,1.273273273273273221e+00,3.098648382815265450e+02
2.192192192192192124e+03,2.666666666666666519e+00,3.047926206437015253e+02
2.195195195195195083e+03,6.702702702702702631e+00,3.011831729483502045e+02
2.198198198198198043e+03,3.795795795795795957e+00,2.889404086494704984e+02
2.201201201201201002e+03,5.373373373373373063e+00,2.727034773967401975e+02
2.204204204204203961e+03,8.728728728728728514e-01,2.628541410304296164e+02
2.207207207207206920e+03,5.293293293293293011e+00,2.975748905314149511e+02
2.210210210210209880e+03,3.035035035035035023e+00,2.554476313948809150e+02
2.213213213213212839e+03,5.005005005005005003e+00,3.259314714481757278e+02
2.216216216216216253e+03,4.828828828828828357e+00,2.776534717993984600e+02
2.219219219219219212e+03,7.367367367367367859e-01,2.296106531434251394e+02
2.222222222222222172e+03,3.611611611611611483e+00,2.893926520041705999e+02
2.225225225225225131e+03,5.221221221221220787e+00,3.006818809416242289e+02
2.228228228228228090e+03,6.582582582582582553e+00,3.480174334031140688e+02
2.231231231231231050e+03,6.846846846846847079e+00,2.703476200143799133e+02
2.234234234234234464e+03,3.123123123123122902e+00,2.807429174314859210e+02
2.237237237237237423e+03,4.620620620620620400e+00,3.081052203434874173e+02
2.240240240240240382e+03,7.887887887887887750e+00,3.499738796607174436e+02
2.243243243243243342e+03,3.379379379379379156e+00,3.322565131054506082e+02
2.246246246246246301e+03,1.689689689689689578e+00,2.415441978720469365e+02
2.249249249249249260e+03,1.369369369369369371e+00,2.878837241782185856e+02
2.252252252252252219e+03,1.321321321321321296e+00,2.692357512537372486e+02
2.255255255255255179e+03,1.905905905905905806e+00,3.184440192858931482e+02
2.258258258258258138e+03,1.505505505505505548e+00,2.714670672609080952e+02
2.261261261261261097e+03,5.485485485485485313e+00,2.771508594214170671e+02
2.264264264264264057e+03,6.430430430430430278e+00,3.172647696578692376e+02
2.267267267267267016e+03,2.754754754754754842e+00,2.565954486583510743e+02
2.270270270270269975e+03,5.933933933933934313e+00,3.285110231632472733e+02
2.273273273273272935e+03,3.627627627627627582e+00,3.319315686898461308e+02
2.276276276276275894e+03,5.173173173173172934e+00,2.781803173523459805e+02
2.279279279279279308e+03,6.646646646646646950e+00,2.894935140328285001e+02
2.282282282282282267e+03,1.241241241241241244e+00,2.688114188134205165e+02
2.285285285285285227e+03,3.899899899899899935e+00,2.908976534924229895e+02
2.288288288288288186e+03,4.780780780780780503e+00,3.247840959280511584e+02
2.291291291291291145e+03,7.911911911911912121e+00,3.659423349459949009e+02
2.294294294294294104e+03,1.001001001001001089e+00,2.614140161991537070e+02
2.297297297297297519e+03,5.285285285285284962e-01,2.889917036499111305e+02
2.300300300300300478e+03,7.271271271271270820e+00,3.038118554904551161e+02
2.303303303303303437e+03,4.092092092092092237e+00,2.961442364360761417e+02
2.306306306306306396e+03,1.793793793793793778e+00,2.967710190937950188e+02
2.309309309309309356e+03,2.146146146146146183e+00,2.720537696065605360e+02
2.312312312312312315e+03,1.289289289289289320e+00,3.029590112324468691e+02
2.315315315315315274e+03,6.510510510510510329e+00,2.845205562920349962e+02
2.318318318318318234e+03,4.948948948948949322e+00,3.045027109892192811e+02
2.321321321321321193e+03,5.413413413413413089e+00,3.237976273899577677e+02
2.324324324324324152e+03,1.425425425425425496e+00,2.997407354790242380e+02
2.327327327327327112e+03,7.607607607607607569e+00,3.505662504088401761e+02
2.330330330330330071e+03,3.323323323323323475e+00,2.840418800022660548e+02
2.333333333333333030e+03,8.008008008008007383e-01,2.936225483955889217e+02
2.336336336336335989e+03,5.869869869869869916e+00,3.381892863006990524e+02
2.339339339339338949e+03,5.517517517517517511e+00,3.082712605475755936e+02
2.342342342342342363e+03,1.833833833833833804e+00,2.925789536860717135e+02
2.345345345345345322e+03,2.674674674674674790e+00,2.497300160706307679e+02
2.348348348348348281e+03,5.021021021021020658e+00,3.250313843232644331e+02
2.351351351351351241e+03,5.621621621621621934e+00,2.715248697502429991e+02
2.354354354354354200e+03,7.031031031031030665e+00,3.305004510539528155e+02
2.357357357357357614e+03,3.859859859859859910e+00,3.325134133747879446e+02
2.360360360360360573e+03,7.359359359359359587e+00,3.149340010030738881e+02
2.363363363363363533e+03,1.761761761761761802e+00,2.789980310124627749e+02
2.366366366366366492e+03,3.131131131131131173e+00,3.058810943336524133e+02
2.369369369369369451e+03,7.303303303303303018e+00,3.077776241376814710e+02
2.372372372372372411e+03,3.419419419419419182e+00,2.758134460551295319e+02
2.375375375375375370e+03,2.474474474474474661e+00,2.803586093672792572e+02
2.378378378378378329e+03,6.206206206206205778e+00,3.217867352994991279e+02
2.381381381381381289e+03,7.087087087087087234e+00,3.442188776617920212e+02
2.384384384384384248e+03,1.201201201201201191e-01,2.591060395817389690e+02
2.387387387387387207e+03,3.947947947947947789e+00,3.101272802308423024e+02
2.390390390390390166e+03,1.961961961961961931e+00,3.004147997100336624e+02
2.393393393393393126e+03,7.191191191191190768e+00,3.615134233606741532e+02
2.396396396396396085e+03,4.804804804804804763e-02,2.597278960243873485e+02
2.399399399399399044e+03,4.908908908908909297e+00,2.830335438932590932e+02
2.402402402402402004e+03,4.268268268268267995e+00,3.075664761515279793e+02
2.405405405405405418e+03,3.179179179179179027e+00,2.777356382998112849e+02
2.408408408408408377e+03,5.773773773773773321e+00,3.399298031056321747e+02
2.411411411411411336e+03,6.870870870870870561e+00,3.413845136041181831e+02
2.414414414414414296e+03,5.533533533533533166e+00,3.373300323021350096e+02
2.417417417417417255e+03,8.328328328328328256e-01,3.174238546072797931e+02
2.420420420420420669e+03,2.426426426426426364e+00,3.035237018575789421e+02
2.423423423423423628e+03,4.396396396396396788e+00,3.284659455946003277e+02
2.426426426426426588e+03,5.837837837837837718e+00,3.002857983973995033e+02
2.429429429429429547e+03,1.665665665665665651e+00,2.837709042896482288e+02
2.432432432432432506e+03,2.418418418418418536e+00,3.171968420109178624e+02
2.435435435435435465e+03,4.084084084084084187e-01,2.978562274755844328e+02
2.438438438438438425e+03,7.207207207207206867e-01,2.490513642100056302e+02
2.441441441441441384e+03,2.834834834834834894e+00,3.262027066013702665e+02
2.444444444444444343e+03,5.061061061061060684e+00,3.536733236544259285e+02
2.447447447447447303e+03,3.683683683683683707e+00,2.906257363664151967e+02
2.450450450450450262e+03,1.761761761761761746e-01,3.009592686858685511e+02
2.453453453453453221e+03,2.994994994994994997e+00,2.590534337877867870e+02
2.456456456456456181e+03,4.372372372372372418e+00,2.814230995244602695e+02
2.459459459459459140e+03,3.515515515515515332e+00,2.851548503604726079e+02
2.462462462462462099e+03,1.745745745745745703e+00,2.990593043809871574e+02
2.465465465465465059e+03,5.901901901901902114e+00,2.888814304558276831e+02
2.468468468468468473e+03,4.044044044044044384e+00,3.084364682970918352e+02
2.471471471471471432e+03,4.844844844844844900e+00,3.069492159564611029e+02
2.474474474474474391e+03,6.414414414414414622e+00,3.497334311285620174e+02
2.477477477477477350e+03,7.591591591591591914e+00,3.346993172359456707e+02
2.480480480480480310e+03,5.469469469469469658e+00,3.319159996489000264e+02
2.483483483483483724e+03,1.641641641641641725e+00,2.999462593443712990e+02
2.486486486486486683e+03,5.181181181181180762e+00,3.054478038333451195e+02
2.489489489489489642e+03,1.521521521521521425e+00,3.017573011866830370e+02
2.492492492492492602e+03,2.890890890890891018e+00,2.799030113523375576e+02
2.495495495495495561e+03,5.317317317317317382e+00,3.330518356894994554e+02
2.498498498498498520e+03,3.003003003003002824e+00,2.843983103796610976e+02
2.501501501501501480e+03,5.053053053053052857e+00,3.167577600134539466e+02
2.504504504504504439e+03,1.481481481481481399e+00,3.009493594534263252e+02
2.507507507507507398e+03,5.861861861861862089e+00,3.459205491792185398e+02
2.510510510510510358e+03,3.235235235235235152e+00,3.213561914804562321e+02
2.513513513513513317e+03,1.553553553553553623e+00,3.165549917059902896e+02
2.516516516516516276e+03,4.516516516516516866e+00,3.331653139898164682e+02
2.519519519519519235e+03,3.211211211211211225e+00,3.404737377585476565e+02
2.522522522522522195e+03,4.244244244244244513e+00,3.473557183100026009e+02
2.525525525525525154e+03,5.253253253253252986e+00,3.591111185019857999e+02
2.528528528528528113e+03,3.531531531531531432e+00,3.419936503493477176e+02
2.531531531531531527e+03,1.057057057057056992e+00,3.165622632926871916e+02
2.534534534534534487e+03,1.865865865865865780e+00,3.097615608498571760e+02
2.537537537537537446e+03,1.385385385385385471e+00,3.269731551596437953e+02
2.540540540540540405e+03,3.427427427427427453e+00,2.872249635825629639e+02
2.543543543543543365e+03,4.540540540540540349e+00,2.974803527643783241e+02
2.546546546546546779e+03,7.743743743743743302e+00,3.311771900667347950e+02
2.549549549549549738e+03,6.070070070070070045e+00,3.061142931128013061e+02
2.552552552552552697e+03,5.013013013013012831e+00,3.262088211943096212e+02
2.555555555555555657e+03,7.687687687687687621e-01,3.156648773584163337e+02
2.558558558558558616e+03,6.254254254254254519e+00,3.126069783210153332e+02
2.561561561561561575e+03,3.995995995995996086e+00,3.126879764679317759e+02
2.564564564564564535e+03,5.925925925925925597e-01,2.904700433174536442e+02
2.567567567567567494e+03,7.127127127127127482e-01,3.015496511323820528e+02
2.570570570570570453e+03,4.876876876876877098e+00,3.033802769146270180e+02
2.573573573573573412e+03,0.000000000000000000e+00,3.042669509858900483e+02
2.576576576576576372e+03,3.139139139139139001e+00,3.333597656391431769e+02
2.579579579579579331e+03,3.811811811811811612e+00,3.017239367663203780e+02
2.582582582582582290e+03,6.398398398398398079e+00,3.402336632757094890e+02
2.585585585585585250e+03,4.156156156156155745e+00,3.331638591706461057e+02
2.588588588588588209e+03,8.568568568568568633e-01,2.583076888859737323e+02
2.591591591591591168e+03,5.669669669669669787e+00,3.233228543401293678e+02
2.594594594594594582e+03,5.077077077077077227e+00,3.637799491249151060e+02
2.597597597597597542e+03,1.785785785785785729e+00,3.193290972556730480e+02
2.600600600600600501e+03,2.618618618618618665e+00,3.196014605221105853e+02
2.603603603603603460e+03,8.168168168168168375e-01,2.904582288398146943e+02
2.606606606606606420e+03,5.637637637637637589e+00,3.529226975720717405e+02
2.609609609609609834e+03,3.803803803803803785e+00,2.820896988782278072e+02
2.612612612612612793e+03,1.705705705705705677e+00,3.454767179416874683e+02
2.615615615615615752e+03,1.081081081081081141e+00,2.712553494810669008e+02
2.618618618618618711e+03,1.969969969969969981e+00,2.784599542007419473e+02
2.621621621621621671e+03,7.767767767767767673e+00,3.274582849345434852e+02
2.624624624624624630e+03,7.135135135135135087e+00,3.171800791701258504e+02
2.627627627627627589e+03,4.956956956956957150e+00,3.340293134124826793e+02
2.630630630630630549e+03,6.526526526526526872e+00,3.326435733762729114e+02
2.633633633633633508e+03,2.922922922922922773e+00,3.017331792415631071e+02
2.636636636636636467e+03,6.502502502502502502e+00,3.338779698201187216e+02
2.639639639639639427e+03,2.082082082082082064e-01,2.893845189326087848e+02
2.642642642642642386e+03,5.141141141141140736e+00,2.977445089548000396e+02
2.645645645645645345e+03,3.339339339339339130e+00,3.470901448239702063e+02
2.648648648648648305e+03,7.263263263263262992e+00,3.533820148858857237e+02
2.651651651651651264e+03,7.375375375375375242e+00,3.749216924308242938e+02
2.654654654654654223e+03,2.402402402402402382e-02,2.661700709194966521e+02
2.657657657657657637e+03,1.073073073073073092e+00,3.066328027571498751e+02
2.660660660660660596e+03,2.842842842842842721e+00,2.811359910571141540e+02
2.663663663663663556e+03,7.023023023023022837e+00,3.385523099248446215e+02
2.666666666666666515e+03,6.150150150150150097e+00,3.236289311380028266e+02
2.669669669669669474e+03,6.694694694694694803e+00,3.173199863531236815e+02
2.672672672672672888e+03,4.492492492492492495e+00,2.991504259812664372e+02
2.675675675675675848e+03,7.143143143143142915e+00,3.222808226433531900e+02
2.678678678678678807e+03,1.801801801801801828e+00,3.418566235188220048e+02
2.681681681681681766e+03,6.566566566566566898e+00,3.102821324452290810e+02
2.684684684684684726e+03,2.954954954954954971e+00,3.024566097032917469e+02
2.687687687687687685e+03,5.453453453453453115e+00,3.770374038257224356e+02
2.690690690690690644e+03,2.714714714714714816e+00,3.409976598633190861e+02
2.693693693693693604e+03,3.355355355355355229e+00,3.507881113051366810e+02
2.696696696696696563e+03,6.638638638638638234e+00,3.474177026422133281e+02
2.699699699699699522e+03,7.615615615615615397e+00,3.558008509223441251e+02
2.702702702702702481e+03,3.635635635635635410e+00,2.945769184265677723e+02
2.705705705705705441e+03,5.045045045045044585e-01,3.080932839041877855e+02
2.708708708708708400e+03,6.078078078078077873e+00,3.480773941150231394e+02
2.711711711711711359e+03,2.882882882882882747e+00,3.555483113312357091e+02
2.714714714714714319e+03,1.897897897897897979e+00,3.570181428811267210e+02
2.717717717717717278e+03,8.968968968968968891e-01,3.071917929070658602e+02
2.720720720720720692e+03,5.125125125125125081e+00,3.654248683701583218e+02
2.723723723723723651e+03,4.260260260260260168e+00,3.708084758753003598e+02
2.726726726726726611e+03,1.009009009009008917e+00,3.311753712454149650e+02
2.729729729729729570e+03,2.074074074074073959e+00,2.957013714428864546e+02
2.732732732732732529e+03,5.941941941941942140e+00,3.154987764738223177e+02
2.735735735735735943e+03,6.094094094094094416e+00,3.116119163606476832e+02
2.738738738738738903e+03,1.097097097097097018e+00,3.036563225156333488e+02
2.741741741741741862e+03,5.605605605605605557e-02,3.155520906426597776e+02
2.744744744744744821e+03,4.020020020020020013e+00,2.995443363639839163e+02
2.747747747747747781e+03,6.654654654654654777e+00,3.726377020095644639e+02
2.750750750750750740e+03,6.102102102102102243e+00,3.088412744689719034e+02
2.753753753753753699e+03,6.814814814814814881e+00,3.653947301314282186e+02
2.756756756756756658e+03,3.259259259259259078e+00,3.000102747868070310e+02
2.759759759759759618e+03,5.541541541541541882e+00,3.062748014645807189e+02
2.762762762762762577e+03,2.826826826826826622e+00,3.011769863123668642e+02
2.765765765765765536e+03,1.225225225225225145e+00,3.210428194743200265e+02
2.768768768768768496e+03,4.532532532532532521e+00,3.146738825125448216e+02
2.771771771771771455e+03,4.340340340340340219e+00,3.599601191507590556e+02
2.774774774774774414e+03,2.746746746746746570e+00,2.856887668321467117e+02
2.777777777777777374e+03,7.103103103103102889e+00,3.882321737452876960e+02
2.780780780780780788e+03,7.983983983983984345e+00,3.936350689031214642e+02
2.783783783783783747e+03,6.606606606606606924e+00,3.553016673254419970e+02
2.786786786786786706e+03,4.484484484484484446e-01,3.165296257376617177e+02
2.789789789789789666e+03,3.203203203203202953e+00,3.352259918635226086e+02
2.792792792792792625e+03,4.580580580580580374e+00,3.647085005544756200e+02
2.795795795795795584e+03,3.787787787787787686e+00,3.126680075063826507e+02
2.798798798798798998e+03,3.747747747747747660e+00,2.893679232448884022e+02
2.801801801801801957e+03,5.213213213213212960e+00,3.833573169325953813e+02
2.804804804804804917e+03,5.357357357357357408e+00,3.294227334068536379e+02
2.807807807807807876e+03,4.036036036036035668e+00,3.348679893172045468e+02
2.810810810810810835e+03,7.207207207207207311e+00,3.444038197027566639e+02
2.813813813813813795e+03,5.197197197197197305e+00,3.171895784766037991e+02
2.816816816816816754e+03,7.455455455455455294e+00,3.839361211801152649e+02
2.819819819819819713e+03,2.402402402402402437e+00,3.325619917603834210e+02
2.822822822822822673e+03,5.397397397397397434e+00,3.642202394585699494e+02
2.825825825825825632e+03,5.325325325325325210e+00,3.445550002487464099e+02
2.828828828828828591e+03,4.564564564564564719e+00,3.251648982206293113e+02
2.831831831831831551e+03,1.305305305305305197e+00,3.194801255611533293e+02
2.834834834834834510e+03,2.690690690690690445e+00,2.991384628700049007e+02
2.837837837837837469e+03,4.724724724724724823e-01,3.153985905507514644e+02
2.840840840840840428e+03,6.574574574574574726e+00,3.874493174759126077e+02
2.843843843843843842e+03,7.471471471471471837e+00,3.286979207226608537e+02
2.846846846846846802e+03,3.923923923923923862e+00,3.023409249951054676e+02
2.849849849849849761e+03,6.302302302302302373e+00,3.215208813604055536e+02
2.852852852852852720e+03,3.595595595595595384e+00,3.567091421872922297e+02
2.855855855855855680e+03,5.629629629629629761e+00,3.574663617876365151e+02
2.858858858858858639e+03,3.499499499499499677e+00,3.697164890527029115e+02
2.861861861861862053e+03,4.508508508508508150e+00,3.487859036484991293e+02
2.864864864864865012e+03,5.765765765765765494e+00,3.571103913264672656e+02
2.867867867867867972e+03,7.127127127127127260e+00,3.453601095134413299e+02
2.870870870870870931e+03,1.753753753753753752e+00,3.399509762630232785e+02
2.873873873873873890e+03,5.429429429429429632e+00,3.857809031186170614e+02
2.876876876876876850e+03,4.692692692692692624e+00,3.404905368564878358e+02
2.879879879879879809e+03,2.258258258258258433e+00,3.308982688622546675e+02
2.882882882882882768e+03,2.786786786786786596e+00,3.368734042914671818e+02
2.885885885885885727e+03,5.493493493493493141e+00,3.916884112557590925e+02
2.888888888888888687e+03,3.203203203203203175e-02,3.119350521785436854e+02
2.891891891891891646e+03,7.967967967967967802e+00,3.461786074474482575e+02
2.894894894894894605e+03,3.707707707707707634e+00,3.759949809936536553e+02
2.897897897897897565e+03,6.214214214214214493e+00,3.737635743288814183e+02
2.900900900900900524e+03,5.461461461461461830e+00,3.578444918325907906e+02
2.903903903903903483e+03,7.039039039039039380e+00,3.304088167712308177e+02
2.906906906906906897e+03,4.140140140140140090e+00,3.559921059121031703e+02
2.909909909909909857e+03,4.588588588588588202e+00,3.345040522647548755e+02
2.912912912912912816e+03,6.350350350350350226e+00,3.661349491667957636e+02
2.915915915915915775e+03,7.151151151151150742e+00,3.921663398774358598e+02
2.918918918918918735e+03,4.276276276276275823e+00,3.087105524372565242e+02
2.921921921921921694e+03,7.231231231231230794e+00,3.252133186866350343e+02
2.924924924924925108e+03,2.210210210210210136e+00,3.163243215557034205e+02
2.927927927927928067e+03,2.274274274274274088e+00,3.294352204146689473e+02
2.930930930930931027e+03,3.763763763763763759e+00,3.070197589930043591e+02
2.933933933933933986e+03,3.411411411411411354e+00,3.095428472277388892e+02
2.936936936936936945e+03,2.250250250250250161e+00,3.335941649394666229e+02
2.939939939939939904e+03,9.609609609609609526e-01,2.755318272242007538e+02
2.942942942942942864e+03,4.748748748748748305e+00,3.394207147750218496e+02
2.945945945945945823e+03,7.855855855855855552e+00,3.588470368297730602e+02
2.948948948948948782e+03,1.041041041041041032e-01,2.986417729464700415e+02
2.951951951951951742e+03,5.245245245245245158e+00,3.820241021417958791e+02
2.954954954954954701e+03,3.643643643643643681e+00,3.347776506296901857e+02
2.957957957957957660e+03,4.676676676676676969e+00,3.233736705930128892e+02
2.960960960960960620e+03,7.647647647647647595e+00,3.248754563061550016e+02
2.963963963963963579e+03,1.281281281281281270e+00,3.015556932536919703e+02
2.966966966966966538e+03,7.823823823823823354e+00,3.334658161264072191e+02
2.969969969969969952e+03,7.791791791791792043e+00,3.732754591141431320e+02
2.972972972972972912e+03,5.725725725725725468e+00,3.429923308001300484e+02
2.975975975975975871e+03,5.957957957957957795e+00,3.997533225441769105e+02
2.978978978978978830e+03,1.561561561561561451e+00,3.003583717909212965e+02
2.981981981981981789e+03,1.529529529529529475e+00,3.311876634071196577e+02
2.984984984984985203e+03,5.029029029029029374e+00,3.280642751312007590e+02
2.987987987987988163e+03,4.292292292292292366e+00,3.009384845668923276e+02
2.990990990990991122e+03,7.047047047047047208e+00,3.934928295502361379e+02
2.993993993993994081e+03,1.313313313313313246e+00,3.558760077715591024e+02
2.996996996996997041e+03,8.488488488488488137e-01,2.834004686463092639e+02
3.000000000000000000e+03,1.281281281281281270e-01,3.474226155461433336e+02
3.003003003003002959e+03,4.604604604604604745e+00,3.712366374857649589e+02
3.006006006006005919e+03,7.407407407407407440e+00,3.602263441777939192e+02
3.009009009009008878e+03,5.701701701701701985e+00,3.466971432485543687e+02
3.012012012012011837e+03,4.324324324324324564e+00,3.507517377948626063e+02
3.015015015015014797e+03,2.634634634634634764e+00,2.955281728808145090e+02
3.018018018018017756e+03,3.843843843843843811e+00,3.502602926461891570e+02
3.021021021021020715e+03,3.987987987987987815e+00,3.888645156096428082e+02
3.024024024024023674e+03,7.751751751751752018e+00,3.720506331656720249e+02
3.027027027027026634e+03,3.243243243243243423e+00,3.705535954650342205e+02
3.030030030030029593e+03,5.949949949949949968e+00,3.193531721302991855e+02
3.033033033033033007e+03,7.447447447447447244e-01,3.339414716936794321e+02
3.036036036036035966e+03,3.467467467467467479e+00,3.337910947160774526e+02
3.039039039039038926e+03,6.646646646646646728e-01,3.363866664647499647e+02
3.042042042042041885e+03,6.750750750750750484e+00,3.862493551145222455e+02
3.045045045045044844e+03,7.319319319319319561e+00,3.881878816254552476e+02
3.048048048048047804e+03,5.261261261261260813e+00,3.290690262640911214e+02
3.051051051051050763e+03,3.315315315315315203e+00,3.431697799041598955e+02
3.054054054054053722e+03,5.301301301301300839e+00,3.517618309826988252e+02
3.057057057057057136e+03,7.831831831831832069e+00,3.754999626041773126e+02
3.060060060060060096e+03,6.174174174174174468e+00,3.750070222332828394e+02
3.063063063063063055e+03,5.829829829829829890e+00,3.549107697995123658e+02
3.066066066066066014e+03,7.295295295295295190e+00,3.423191406692276360e+02
3.069069069069068973e+03,6.462462462462462476e+00,3.910388411279010938e+02
3.072072072072071933e+03,2.578578578578578639e+00,3.651642336866524374e+02
3.075075075075074892e+03,4.452452452452452469e+00,3.879654948891614481e+02
3.078078078078077851e+03,2.858858858858858820e+00,3.813431433197924889e+02
3.081081081081080811e+03,5.525525525525525339e-01,3.482847191952906769e+02
3.084084084084083770e+03,4.116116116116115720e+00,3.341304003581109896e+02
3.087087087087087184e+03,4.076076076076075694e+00,3.112018941537905334e+02
3.090090090090090143e+03,2.722722722722722644e+00,3.236970705280523362e+02
3.093093093093093103e+03,1.769769769769769852e+00,3.419763025565706016e+02
3.096096096096096062e+03,7.431431431431430923e+00,3.623286476473610946e+02
3.099099099099099021e+03,1.169169169169169242e+00,3.018538392337593450e+02
3.102102102102101981e+03,2.314314314314314114e+00,3.166033253336968869e+02
3.105105105105104940e+03,2.322322322322322163e-01,2.913369476365382411e+02
3.108108108108107899e+03,9.129129129129128772e-01,2.986250387820248875e+02
3.111111111111110858e+03,4.068068068068067866e+00,3.234920771573347906e+02
3.114114114114113818e+03,6.486486486486486847e+00,3.268013364557006639e+02
3.117117117117116777e+03,7.783783783783783328e+00,3.442119646822837353e+02
3.120120120120120191e+03,1.409409409409409397e+00,3.673951639832163778e+02
3.123123123123123150e+03,1.345345345345345223e+00,3.159434648458132529e+02
3.126126126126126110e+03,2.778778778778778769e+00,3.359819809640424637e+02
3.129129129129129069e+03,3.011011011011011096e+00,3.348801652218461413e+02
3.132132132132132028e+03,6.118118118118117899e+00,3.845362114627455412e+02
3.135135135135134988e+03,6.974974974974974984e+00,3.385961664735993963e+02
3.138138138138137947e+03,7.119119119119119432e+00,3.555504491477291822e+02
3.141141141141140906e+03,6.182182182182182295e+00,3.572826366338738922e+02
3.144144144144143866e+03,1.513513513513513598e+00,3.600101644990240288e+02
3.147147147147146825e+03,1.089089089089088969e+00,3.111267282423723941e+02
3.150150150150150239e+03,3.571571571571571457e+00,3.795247406205349989e+02
3.153153153153153198e+03,6.718718718718718286e+00,3.379730551667919372e+02
3.156156156156156158e+03,2.034034034034033933e+00,3.028574774177337758e+02
3.159159159159159117e+03,7.055055055055055035e+00,3.375012472978525579e+02
3.162162162162162076e+03,2.322322322322322385e+00,3.586702160974446656e+02
3.165165165165165035e+03,7.535535535535535345e+00,4.044814183461487005e+02
3.168168168168167995e+03,7.639639639639639768e+00,3.384915131936115245e+02
3.171171171171170954e+03,1.857857857857857731e+00,3.220952916688696632e+02
3.174174174174173913e+03,5.165165165165165106e+00,3.611385176290363574e+02
3.177177177177176873e+03,2.642642642642642481e-01,3.232591118766464433e+02
3.180180180180179832e+03,7.047047047047046986e-01,3.570460944238904517e+02
3.183183183183183246e+03,3.523523523523523493e-01,3.132756944710038738e+02
3.186186186186186205e+03,2.730730730730730915e+00,3.644972368385177788e+02
3.189189189189189165e+03,4.884884884884884704e-01,2.897441839663293877e+02
3.192192192192192124e+03,7.631631631631631940e+00,3.941538152522514906e+02
3.195195195195195083e+03,1.593593593593593649e+00,3.401199416666539150e+02
3.198198198198198043e+03,3.435435435435435281e+00,3.497841003218920832e+02
3.201201201201201002e+03,5.981981981981982166e+00,3.948017243962694920e+02
3.204204204204203961e+03,3.155155155155155100e+00,3.122752978815024676e+02
3.207207207207206920e+03,5.845845845845845545e+00,3.377283498439275036e+02
3.210210210210209880e+03,2.378378378378378510e+00,3.601079556211570321e+02
3.213213213213213294e+03,5.845845845845846211e-01,3.214134266728316902e+02
3.216216216216216253e+03,3.147147147147147273e+00,3.778182048399295923e+02
3.219219219219219212e+03,4.380380380380380245e+00,3.826091487908278168e+02
3.222222222222222172e+03,4.636636636636636943e+00,3.482860786827279185e+02
3.225225225225225131e+03,4.332332332332332392e+00,3.667016883713519633e+02
3.228228228228228090e+03,6.838838838838838363e+00,3.733887262342631743e+02
3.231231231231231050e+03,6.670670670670670432e+00,3.441658938629199724e+02
3.234234234234234009e+03,6.726726726726727001e+00,3.828787711976204946e+02
3.237237237237236968e+03,5.309309309309309555e+00,3.311490959866927710e+02
3.240240240240239928e+03,1.737737737737737653e+00,3.034071275534699339e+02
3.243243243243242887e+03,4.316316316316315849e+00,3.459954772096238571e+02
3.246246246246246301e+03,6.630630630630630407e+00,3.648603288337964727e+02
3.249249249249249260e+03,4.988988988988989348e+00,3.952578608304278873e+02
3.252252252252252219e+03,5.349349349349349581e+00,3.397076425944572975e+02
3.255255255255255179e+03,6.598598598598598208e+00,3.434372424929061935e+02
3.258258258258258138e+03,3.371371371371371328e+00,3.189522265212398793e+02
3.261261261261261097e+03,5.557557557557557537e+00,3.399965601468969680e+02
3.264264264264264057e+03,1.105105105105105068e+00,3.164140159666200134e+02
3.267267267267267016e+03,1.697697697697697627e+00,3.101348312880948015e+02
3.270270270270269975e+03,4.932932932932932779e+00,3.682419272386030116e+02
3.273273273273272935e+03,6.742742742742742657e+00,3.544262378963550191e+02
3.276276276276276349e+03,6.710710710710710458e+00,3.748863546832557745e+02
3.279279279279279308e+03,6.934934934934934958e+00,4.067984264367440801e+02
3.282282282282282267e+03,5.821821821821822063e+00,3.546058955298345836e+02
3.285285285285285227e+03,7.727727727727727647e+00,3.922611049898521856e+02
3.288288288288288186e+03,5.613613613613613218e+00,3.307601741952097427e+02
3.291291291291291145e+03,5.813813813813813347e+00,3.701262823136553379e+02
3.294294294294294104e+03,7.343343343343343044e+00,3.316452232403794369e+02
3.297297297297297064e+03,5.733733733733733295e+00,3.426085935327301968e+02
3.300300300300300023e+03,1.873873873873873830e+00,3.259409630219224141e+02
3.303303303303302982e+03,5.365365365365365458e-01,3.543057275878037444e+02
3.306306306306306396e+03,1.921921921921921905e-01,3.346706714172594843e+02
3.309309309309309356e+03,3.051051051051051122e+00,3.584450769219118911e+02
3.312312312312312315e+03,1.729729729729729826e+00,3.477740065270154446e+02
3.315315315315315274e+03,5.885885885885885571e+00,4.050801605595120236e+02
3.318318318318318234e+03,1.033033033033033066e+00,2.990072590964912251e+02
3.321321321321321193e+03,2.794794794794794868e+00,3.611485795238936021e+02
3.324324324324324152e+03,8.888888888888888395e-01,3.646275534354228398e+02
3.327327327327327112e+03,1.329329329329329346e+00,3.501601279304588274e+02
3.330330330330330071e+03,1.657657657657657602e+00,3.125861371750426656e+02
3.333333333333333030e+03,3.507507507507507505e+00,3.584204290575709706e+02
3.336336336336335989e+03,4.420420420420420271e+00,3.563519512281901029e+02
3.339339339339339404e+03,2.194194194194194036e+00,3.083092359773654607e+02
3.342342342342342363e+03,7.799799799799799871e+00,3.788722005179413372e+02
3.345345345345345322e+03,4.732732732732732650e+00,3.424412390645845221e+02
3.348348348348348281e+03,6.406406406406405907e+00,3.855642790007423173e+02
3.351351351351351241e+03,7.503503503503503147e+00,4.251644240526445628e+02
3.354354354354354200e+03,4.204204204204204487e+00,3.777381643030359442e+02
3.357357357357357159e+03,2.298298298298298459e+00,3.636287027546967465e+02
3.360360360360360119e+03,3.755755755755755931e+00,3.700761733244141851e+02
3.363363363363363078e+03,2.610610610610610394e+00,3.732570121662115525e+02
3.366366366366366037e+03,9.689689689689690022e-01,3.305031148147953104e+02
3.369369369369369451e+03,7.959959959959959974e+00,3.900788641373017640e+02
3.372372372372372411e+03,4.060060060060060039e+00,3.427944005079364729e+02
3.375375375375375370e+03,1.825825825825825754e+00,3.413041382340484802e+02
3.378378378378378329e+03,5.389389389389389606e+00,3.346584072666859697e+02
3.381381381381381289e+03,4.764764764764764848e+00,3.787168108395412673e+02
3.384384384384384248e+03,3.563563563563563630e+00,3.296898832933888457e+02
3.387387387387387207e+03,9.369369369369369149e-01,3.153968586648166479e+02
3.390390390390390166e+03,3.715715715715715461e+00,3.191490574049593079e+02
3.393393393393393126e+03,2.002002002002001846e-01,3.437771337151876310e+02
3.396396396396396085e+03,8.808808808808809010e-01,2.909276431326899797e+02
3.399399399399399044e+03,1.193193193193193169e+00,3.632727238527632494e+02
3.402402402402402458e+03,1.217217217217217318e+00,3.814476057690309858e+02
3.405405405405405418e+03,4.228228228228227970e+00,3.813170866299034856e+02
3.408408408408408377e+03,5.573573573573573192e+00,3.788593143213074654e+02
3.411411411411411336e+03,4.972972972972972805e+00,3.470551659869052514e+02
3.414414414414414296e+03,3.691691691691691535e+00,3.187870814909399542e+02
3.417417417417417255e+03,4.788788788788788331e+00,3.382907665541067672e+02
3.420420420420420214e+03,1.113113113113113117e+00,2.955318196011767782e+02
3.423423423423423174e+03,5.997997997997997821e+00,3.482057156745532893e+02
3.426426426426426133e+03,2.082082082082082231e+00,3.105652401603913972e+02
3.429429429429429092e+03,7.695695695695695449e+00,4.050984316124338989e+02
3.432432432432432506e+03,2.586586586586586467e+00,3.611279366914488378e+02
3.435435435435435465e+03,7.183183183183182940e+00,4.126528375636427199e+02
3.438438438438438425e+03,1.985985985985986080e+00,3.247545582930246155e+02
3.441441441441441384e+03,3.603603603603603656e+00,3.349493928863902852e+02
3.444444444444444343e+03,3.283283283283283449e+00,3.603181192005905018e+02
3.447447447447447303e+03,4.860860860860860555e+00,3.427018035179648905e+02
3.450450450450450262e+03,1.521521521521521647e-01,3.324484694802367812e+02
3.453453453453453221e+03,2.626626626626626493e+00,3.204954527663567205e+02
3.456456456456456181e+03,2.370370370370370239e+00,3.882467792391020112e+02
3.459459459459459140e+03,2.154154154154154011e+00,3.474135827994010128e+02
3.462462462462462099e+03,1.809809809809809877e+00,3.275592589089532112e+02
3.465465465465465513e+03,7.527527527527527740e-01,3.363215126650204070e+02
3.468468468468468473e+03,4.124124124124124435e+00,3.375834987887074021e+02
3.471471471471471432e+03,6.734734734734734829e+00,3.499104871911870305e+02
3.474474474474474391e+03,5.101101101101100710e+00,4.065945016135178776e+02
3.477477477477477350e+03,2.242242242242242334e+00,3.745938086577813806e+02
3.480480480480480310e+03,2.290290290290290187e+00,3.220148574453017432e+02
3.483483483483483269e+03,4.716716716716716995e+00,3.881438838534467664e+02
3.486486486486486228e+03,7.447447447447447466e+00,3.953211195270713461e+02
3.489489489489489188e+03,3.555555555555555358e+00,3.444573375781899927e+02
3.492492492492492147e+03,1.473473473473473572e+00,3.079471889214860880e+02
3.495495495495495561e+03,2.970970970970971070e+00,3.455118650213263436e+02
3.498498498498498520e+03,6.982982982982982811e+00,3.555627618492141551e+02
3.501501501501501480e+03,7.815815815815815526e+00,3.940811369781587814e+02
3.504504504504504439e+03,2.202202202202202308e+00,3.080351758092085674e+02
3.507507507507507398e+03,6.454454454454454648e+00,4.236830916169002421e+02
3.510510510510510358e+03,7.487487487487487492e+00,3.802123878934064578e+02
3.513513513513513317e+03,1.457457457457457473e+00,3.819637619736317902e+02
3.516516516516516276e+03,2.562562562562562540e-01,3.434969083842200348e+02
3.519519519519519235e+03,6.406406406406406351e-01,3.281068145331922210e+02
3.522522522522522195e+03,2.458458458458458562e+00,3.729463514684589995e+02
3.525525525525525154e+03,6.166166166166165752e+00,3.368553040295590222e+02
3.528528528528528568e+03,8.808808808808808732e-02,3.310514244824659613e+02
3.531531531531531527e+03,3.443443443443443552e-01,3.309092196592790742e+02
3.534534534534534487e+03,6.886886886886887105e-01,3.277579950977446970e+02
3.537537537537537446e+03,6.230230230230230148e+00,4.105279190419398105e+02
3.540540540540540405e+03,2.882882882882882858e-01,3.196205951814826562e+02
3.543543543543543365e+03,7.847847847847847724e+00,3.785676195767187551e+02
3.546546546546546324e+03,4.644644644644644327e-01,3.306044601473868738e+02
3.549549549549549283e+03,3.283283283283283116e-01,3.602344287580897344e+02
3.552552552552552243e+03,6.262262262262262347e+00,3.499363156880943961e+02
3.555555555555555202e+03,3.291291291291291277e+00,3.257817705139720488e+02
3.558558558558558616e+03,4.500500500500500323e+00,3.512690100784573133e+02
3.561561561561561575e+03,1.673673673673673701e+00,3.473330270397885897e+02
3.564564564564564535e+03,1.185185185185185119e+00,3.140784565213359656e+02
3.567567567567567494e+03,5.917917917917917769e+00,3.782949924072345880e+02
3.570570570570570453e+03,4.756756756756757021e+00,3.515735925828455493e+02
3.573573573573573412e+03,9.849849849849849903e-01,3.130177337617408853e+02
3.576576576576576372e+03,5.877877877877877744e+00,3.284161783692159702e+02
3.579579579579579331e+03,4.596596596596596918e+00,3.225896973957242153e+02
3.582582582582582290e+03,7.847847847847847502e-01,3.564289336778662687e+02
3.585585585585585250e+03,3.019019019019018923e+00,3.958873882391426946e+02
3.588588588588588209e+03,1.041041041041041115e+00,3.119567701830905548e+02
3.591591591591591623e+03,5.597597597597597563e+00,3.679500332222818884e+02
3.594594594594594582e+03,1.841841841841841965e-01,3.151623484915444351e+02
3.597597597597597542e+03,6.958958958958959329e+00,3.831783797572893491e+02
3.600600600600600501e+03,4.444444444444444642e+00,3.536494983149459586e+02
3.603603603603603460e+03,2.962962962962962798e+00,3.697484367147984585e+02
3.606606606606606420e+03,4.100100100100100065e+00,3.877283856936523989e+02
3.609609609609609379e+03,3.067067067067067221e+00,3.601243380537068219e+02
3.612612612612612338e+03,1.609609609609609526e+00,3.604237708673269935e+02
3.615615615615615297e+03,2.946946946946947143e+00,3.062951065615836796e+02
3.618618618618618257e+03,4.436436436436436814e+00,3.835923345527671700e+02
3.621621621621621671e+03,4.884884884884884926e+00,3.590707366630340971e+02
3.624624624624624630e+03,3.099099099099098975e+00,3.327622289254465500e+02
3.627627627627627589e+03,6.894894894894894932e+00,3.915992881608467542e+02
3.630630630630630549e+03,6.534534534534534700e+00,3.533887154787425970e+02
3.633633633633633508e+03,2.338338338338338485e+00,3.517051552770411718e+02
3.636636636636636467e+03,5.525525525525525339e+00,3.754735619734706233e+02
3.639639639639639427e+03,2.050050050050050032e+00,3.438663165675826576e+02
3.642642642642642386e+03,4.852852852852852727e+00,3.958619175563364934e+02
3.645645645645645345e+03,1.577577577577577550e+00,3.426102101434834708e+02
3.648648648648648305e+03,7.607607607607607125e-01,3.622943258870737395e+02
3.651651651651651719e+03,7.703703703703703276e+00,4.045707887928992932e+02
3.654654654654654678e+03,7.551551551551551889e+00,3.614118047961173374e+02
3.657657657657657637e+03,1.353353353353353272e+00,3.542685145476146431e+02
3.660660660660660596e+03,4.652652652652652598e+00,3.265174486807861740e+02
3.663663663663663556e+03,2.442442442442442463e+00,3.542217269890757052e+02
3.666666666666666515e+03,4.484484484484484668e+00,3.798932011810813947e+02
3.669669669669669474e+03,6.830830830830830536e+00,3.806049696426409241e+02
3.672672672672672434e+03,2.986986986986987169e+00,3.692788668752135663e+02
3.675675675675675393e+03,5.757757757757757666e+00,3.365057247000820553e+02
3.678678678678678352e+03,6.334334334334334571e+00,3.383963419765437948e+02
3.681681681681681312e+03,1.817817817817817705e+00,3.774106795779097752e+02
3.684684684684684726e+03,5.285285285285285184e+00,3.590016691799297632e+02
3.687687687687687685e+03,1.145145145145145094e+00,3.468978249783549472e+02
3.690690690690690644e+03,6.774774774774774855e+00,3.848907819556118852e+02
3.693693693693693604e+03,1.441441441441441373e+00,3.726632855648904297e+02
3.696696696696696563e+03,6.950950950950950613e+00,3.471644750895326865e+02
3.699699699699699522e+03,1.049049049049048943e+00,3.165077303592158273e+02
3.702702702702702481e+03,7.599599599599599742e+00,3.984925271465316996e+02
3.705705705705705441e+03,3.763763763763763870e-01,3.639468074136694895e+02
3.708708708708708400e+03,6.198198198198197950e+00,3.460386702076444294e+02
3.711711711711711359e+03,2.594594594594594739e+00,3.739664064347035719e+02
3.714714714714714773e+03,1.625625625625625625e+00,3.265530122177059980e+02
3.717717717717717733e+03,6.726726726726726113e-01,3.609183914334803944e+02
3.720720720720720692e+03,5.069069069069069400e+00,3.401445712840452984e+02
3.723723723723723651e+03,4.524524524524524693e+00,3.818961934770713924e+02
3.726726726726726611e+03,4.892892892892892753e+00,3.966910288560080176e+02
3.729729729729729570e+03,3.187187187187187298e+00,3.095301821834891598e+02
3.732732732732732529e+03,7.175175175175175113e+00,4.003711531120322320e+02
3.735735735735735489e+03,7.287287287287287363e-01,3.007987270575885645e+02
3.738738738738738448e+03,6.566566566566566232e-01,3.084900265174471201e+02
3.741741741741741407e+03,3.443443443443443552e+00,3.231652444913033264e+02
3.744744744744744366e+03,6.238238238238237976e+00,4.105321276685579051e+02
3.747747747747747781e+03,9.529529529529529031e-01,3.698681443960650768e+02
3.750750750750750740e+03,6.966966966966967156e+00,3.904767196098730437e+02
3.753753753753753699e+03,2.330330330330330213e+00,3.844516215747552792e+02
3.756756756756756658e+03,4.564564564564564386e-01,3.517110324634710992e+02
3.759759759759759618e+03,2.570570570570570368e+00,3.703779147005119512e+02
3.762762762762762577e+03,2.058058058058057860e+00,3.451540641655238346e+02
3.765765765765765536e+03,7.111111111111110716e+00,3.672245897563316817e+02
3.768768768768768496e+03,7.583583583583583199e+00,3.772397773190001544e+02
3.771771771771771455e+03,3.539539539539539703e+00,3.728974149211431381e+02
3.774774774774774414e+03,3.363363363363363057e-01,3.311111179603639130e+02
3.777777777777777828e+03,4.940940940940940607e+00,3.505816711320543391e+02
3.780780780780780788e+03,3.107107107107107247e+00,3.459795677695485665e+02
3.783783783783783747e+03,2.682682682682682618e+00,3.124303566833136756e+02
3.786786786786786706e+03,2.186186186186186209e+00,3.685904428600276788e+02
3.789789789789789666e+03,6.054054054054054390e+00,3.959239818535397717e+02
3.792792792792792625e+03,3.907907907907907763e+00,3.838353032787471193e+02
3.795795795795795584e+03,4.404404404404404616e+00,3.515389796092793517e+02
3.798798798798798543e+03,7.215215215215215139e+00,3.749962157107729013e+02
3.801801801801801503e+03,4.244244244244244069e-01,3.596400363639688749e+02
3.804804804804804462e+03,7.463463463463463121e+00,3.719480566978584193e+02
3.807807807807807421e+03,7.495495495495495319e+00,4.103763500755601399e+02
3.810810810810810835e+03,1.025025025025025016e+00,3.115287819237848908e+02
3.813813813813813795e+03,6.422422422422422450e+00,3.503612020780561807e+02
3.816816816816816754e+03,2.242242242242242223e-01,3.130398331251523132e+02
3.819819819819819713e+03,1.465465465465465522e+00,3.608294482112801234e+02
3.822822822822822673e+03,7.063063063063062863e+00,3.750276009536029278e+02
3.825825825825825632e+03,3.675675675675675436e+00,3.397707808237403810e+02
3.828828828828828591e+03,4.084084084084084409e+00,3.280721144334511337e+02
3.831831831831831551e+03,5.405405405405405261e+00,3.397921105921915341e+02
3.834834834834834510e+03,1.209209209209209268e+00,3.148695798490946345e+02
3.837837837837837469e+03,1.953953953953953881e+00,3.747027139189279410e+02
3.840840840840840883e+03,5.717717717717717640e+00,3.677901931473102195e+02
3.843843843843843842e+03,4.348348348348348047e+00,3.711305163482966236e+02
3.846846846846846802e+03,4.356356356356355874e+00,3.588015483134500414e+02
3.849849849849849761e+03,5.117117117117117253e+00,3.461348758685566622e+02
3.852852852852852720e+03,5.581581581581581908e+00,3.317278290420576354e+02
3.855855855855855680e+03,2.122122122122122256e+00,3.223150307949406965e+02
3.858858858858858639e+03,2.306306306306306286e+00,3.412719939410777101e+02
3.861861861861861598e+03,3.387387387387387427e+00,3.670025146345666940e+02
3.864864864864864558e+03,7.287287287287287363e+00,3.632166858881892608e+02
3.867867867867867517e+03,1.177177177177177070e+00,3.673645041590337996e+02
3.870870870870870476e+03,5.277277277277277356e+00,3.344998771325258531e+02
3.873873873873873890e+03,6.382382382382382424e+00,3.634772435966965531e+02
3.876876876876876850e+03,7.735735735735735474e+00,3.709743539470621272e+02
3.879879879879879809e+03,1.417417417417417447e+00,3.043706139681146965e+02
3.882882882882882768e+03,7.927927927927927998e-01,3.129579058483070071e+02
3.885885885885885727e+03,6.806806806806807053e+00,4.182735767935880062e+02
3.888888888888888687e+03,3.587587587587587556e+00,3.889132563483253762e+02
3.891891891891891646e+03,3.451451451451451380e+00,3.659545533597826079e+02
3.894894894894894605e+03,6.782782782782782682e+00,3.511236439800414928e+02
3.897897897897897565e+03,5.677677677677677615e+00,3.643444491520061774e+02
3.900900900900900524e+03,6.046046046046045674e+00,3.875589924227181768e+02
3.903903903903903938e+03,9.209209209209209268e-01,3.146448477787977254e+02
3.906906906906906897e+03,7.335335335335335216e+00,3.842317571907082083e+02
3.909909909909909857e+03,6.222222222222222321e+00,3.802081329891682344e+02
3.912912912912912816e+03,5.765765765765765716e-01,3.053239731728977517e+02
3.915915915915915775e+03,6.766766766766767027e+00,4.264611940840446778e+02
3.918918918918918735e+03,4.300300300300300194e+00,3.571932516282454344e+02
3.921921921921921694e+03,5.421421421421421805e+00,3.953734510022131303e+02
3.924924924924924653e+03,6.798798798798798337e+00,4.029924552488135987e+02
3.927927927927927612e+03,7.871871871871872095e+00,3.842829652147221395e+02
3.930930930930930572e+03,1.393393393393393298e+00,3.069315931214291027e+02
3.933933933933933986e+03,6.966966966966966490e-01,3.401396955507094049e+02
3.936936936936936945e+03,4.412412412412412444e+00,3.395470637441390522e+02
3.939939939939939904e+03,3.891891891891891664e+00,3.835760729370806530e+02
3.942942942942942864e+03,5.645645645645645416e+00,4.073472296292671331e+02
3.945945945945945823e+03,2.514514514514514687e+00,3.695504007443639694e+02
3.948948948948948782e+03,3.171171171171171199e+00,3.216038539592560710e+02
3.951951951951951742e+03,4.804804804804804874e+00,3.542370689423126464e+02
3.954954954954954701e+03,3.779779779779779858e+00,3.411111829334533923e+02
3.957957957957957660e+03,5.605605605605605835e-01,3.041440462608183566e+02
3.960960960960960620e+03,4.796796796796797047e+00,3.272947990190829728e+02
3.963963963963963579e+03,6.438438438438438105e+00,3.617463601557782340e+02
3.966966966966966993e+03,6.038038038038037847e+00,3.485157020766517348e+02
3.969969969969969952e+03,2.218218218218218407e+00,3.735214951315327312e+02
3.972972972972972912e+03,5.789789789789789864e+00,3.719686235905835474e+02
3.975975975975975871e+03,7.207207207207207145e-02,3.349074062390458835e+02
3.978978978978978830e+03,2.874874874874874919e+00,3.870925329631245972e+02
3.981981981981981789e+03,5.661661661661661959e+00,4.028768817103531887e+02
3.984984984984984749e+03,6.110110110110110071e+00,3.403785574342418840e+02
3.987987987987987708e+03,6.686686686686686976e+00,4.261002493753843510e+02
3.990990990990990667e+03,1.537537537537537524e+00,3.368330024960187075e+02
3.993993993993993627e+03,5.037037037037037202e+00,3.528865453914640966e+02
3.996996996996997041e+03,4.476476476476476840e+00,3.307796150309533232e+02
4.000000000000000000e+03,5.477477477477477485e+00,3.402561572910101404e+02
